Product_Description,Product_Link
Men's 512 Blue Slim Tapered Jeans,https://www.levi.in/men/jeans-by-style/512-slim-tapered/mens-512-blue-slim-tapered-jeans/360870696.html
Levi's® Men's 512 Styled Slim Tapered Fit Jeans,https://www.levi.in/men/jeans-by-style/512-slim-tapered/levis-mens-512-styled-slim-tapered-fit-jeans/360870632.html
Levi's® Men's 511™ Slim Fit Jeans,https://www.levi.in/men/jeans-by-style/511-slim/levis-mens-511-slim-fit-jeans/182981269.html
Levi's® Men's 512™ Slim Taper Jeans,https://www.levi.in/men/jeans-by-style/512-slim-tapered/levis-mens-512-slim-taper-jeans/A39610001.html
Levi's® Men's 512 Slim Tapered Fit Jeans,https://www.levi.in/men/jeans-by-style/512-slim-tapered/levis-mens-512-slim-tapered-fit-jeans/360870604.html
Men's 512 Blue Slim Tapered Jeans,https://www.levi.in/men/jeans-by-style/512-slim-tapered/mens-512-blue-slim-tapered-jeans/360870697.html
Levi's® Men's 511™ Slim Fit Jeans,https://www.levi.in/men/jeans-by-style/511-slim/levis-mens-511-slim-fit-jeans/182981252.html
Levi's® Men's 512 Slim Tapered Fit Jeans,https://www.levi.in/men/jeans-by-style/512-slim-tapered/levis-mens-512-slim-tapered-fit-jeans/360870635.html
Levi's® Men's 512 Slim Tapered Fit Jeans,https://www.levi.in/men/jeans-by-style/512-slim-tapered/levis-mens-512-slim-tapered-fit-jeans/360870608.html
Men's 511 Grey Slim Fit Jeans,https://www.levi.in/men/jeans-by-style/511-slim/mens-511-grey-slim-fit-jeans/182981254.html
Levi's® Men's 511™ Slim Fit Jeans,https://www.levi.in/men/jeans-by-style/511-slim/levis-mens-511-slim-fit-jeans/182981274.html
Men's 512 Blue Slim Tapered Jeans,https://www.levi.in/men/jeans-by-style/512-slim-tapered/mens-512-blue-slim-tapered-jeans/360870600.html
Men's 512 Blue Slim Tapered Jeans,https://www.levi.in/men/jeans-by-style/512-slim-tapered/mens-512-blue-slim-tapered-jeans/360870698.html
Levi's® Men's 512 Slim Tapered Fit Jeans,https://www.levi.in/men/jeans-by-style/512-slim-tapered/levis-mens-512-slim-tapered-fit-jeans/360870628.html
Levi's® Men's 512 Slim Tapered Fit Jeans,https://www.levi.in/men/jeans-by-style/512-slim-tapered/levis-mens-512-slim-tapered-fit-jeans/360870629.html
Levi's® Men's 512 Slim Tapered Fit Jeans,https://www.levi.in/men/jeans-by-style/512-slim-tapered/levis-mens-512-slim-tapered-fit-jeans/360870638.html
Levi's® Men's 512 Slim Tapered Fit Jeans,https://www.levi.in/men/jeans-by-style/512-slim-tapered/levis-mens-512-slim-tapered-fit-jeans/360870597.html
Levi's® Men's 512 Slim Tapered Fit Jeans,https://www.levi.in/men/jeans-by-style/512-slim-tapered/levis-mens-512-slim-tapered-fit-jeans/360870622.html
Levi's® Men's 511™ Slim Fit Jeans,https://www.levi.in/men/jeans-by-style/511-slim/levis-mens-511-slim-fit-jeans/182981233.html
Men's 511 Blue Slim Jeans,https://www.levi.in/men/jeans-by-style/511-slim/mens-511-blue-slim-jeans/182981328.html
Levi's® Men's 511™ Slim Fit Jeans,https://www.levi.in/men/jeans-by-style/511-slim/levis-mens-511-slim-fit-jeans/182981266.html
Levi's® Men's 512 Slim Tapered Fit Jeans,https://www.levi.in/men/jeans-by-style/512-slim-tapered/levis-mens-512-slim-tapered-fit-jeans/360870634.html
Levi's® Men's 511™ Slim Fit Jeans,https://www.levi.in/men/jeans-by-style/511-slim/levis-mens-511-slim-fit-jeans/182981261.html
Men's 511 Blue Slim Fit Jeans,https://www.levi.in/men/jeans-by-style/511-slim/mens-511-blue-slim-fit-jeans/182981229.html
Levi's® Men's 512 Styled Slim Tapered Fit Jeans,https://www.levi.in/men/jeans-by-style/512-slim-tapered/levis-mens-512-styled-slim-tapered-fit-jeans/360870611.html
Levi's® Men's 512 Styled Slim Tapered Fit Jeans,https://www.levi.in/men/jeans-by-style/512-slim-tapered/levis-mens-512-styled-slim-tapered-fit-jeans/360870631.html
Levi's® Men's 512 Slim Tapered Fit Jeans,https://www.levi.in/men/jeans-by-style/512-slim-tapered/levis-mens-512-slim-tapered-fit-jeans/360870596.html
Levi's® Men's 512 Styled Slim Tapered Fit Jeans,https://www.levi.in/men/jeans-by-style/512-slim-tapered/levis-mens-512-styled-slim-tapered-fit-jeans/360870636.html
Levi's® Men's 512 Slim Tapered Fit Jeans,https://www.levi.in/men/jeans-by-style/512-slim-tapered/levis-mens-512-slim-tapered-fit-jeans/360870612.html
Levi's® Men's 512 Slim Tapered Fit Jeans,https://www.levi.in/men/jeans-by-style/512-slim-tapered/levis-mens-512-slim-tapered-fit-jeans/360870621.html
Levi's® Men's 512 Slim Tapered Fit Jeans,https://www.levi.in/men/jeans-by-style/512-slim-tapered/levis-mens-512-slim-tapered-fit-jeans/360870645.html
Men's 511 Blue Slim Jeans,https://www.levi.in/men/jeans-by-style/511-slim/mens-511-blue-slim-jeans/182981329.html
Men's 512 Blue Slim Tapered Jeans,https://www.levi.in/men/jeans-by-style/512-slim-tapered/mens-512-blue-slim-tapered-jeans/360870614.html
Levi's® Men's 511™ Slim Fit Jeans,https://www.levi.in/men/jeans-by-style/511-slim/levis-mens-511-slim-fit-jeans/182981263.html
Levi's® Men's 511™ Styled Slim Fit Jeans,https://www.levi.in/men/jeans-by-style/511-slim/levis-mens-511-styled-slim-fit-jeans/182981232.html
Levi's® Men's 512 Slim Tapered Fit Jeans,https://www.levi.in/men/jeans-by-style/512-slim-tapered/levis-mens-512-slim-tapered-fit-jeans/360870633.html
Levi's® Men's 511™ Slim Fit Jeans,https://www.levi.in/men/jeans-by-style/511-slim/levis-mens-511-slim-fit-jeans/182981273.html
Levi's® Men's 511™ Styled Slim Fit Jeans,https://www.levi.in/men/jeans-by-style/511-slim/levis-mens-511-styled-slim-fit-jeans/182981243.html
Levi's® Men's 512 Styled Slim Tapered Fit Jeans,https://www.levi.in/men/jeans-by-style/512-slim-tapered/levis-mens-512-styled-slim-tapered-fit-jeans/360870646.html
Levi's® Men's 511™ Slim Fit Jeans,https://www.levi.in/men/jeans-by-style/511-slim/levis-mens-511-slim-fit-jeans/182981268.html
Men's 512 Blue Slim Tapered Jeans,https://www.levi.in/men/jeans-by-style/512-slim-tapered/mens-512-blue-slim-tapered-jeans/360870603.html
Levi's® Men's 512 Slim Tapered Fit Jeans,https://www.levi.in/men/jeans-by-style/512-slim-tapered/levis-mens-512-slim-tapered-fit-jeans/360870637.html
Levi's® Men's 512™ Slim Tapered Fit Jeans,https://www.levi.in/men/jeans-by-style/512-slim-tapered/levis-mens-512-slim-tapered-fit-jeans/360870639.html
Men's 512 Blue Slim Tapered Jeans,https://www.levi.in/men/jeans-by-style/512-slim-tapered/mens-512-blue-slim-tapered-jeans/360870693.html
Levi's® Men's 512 Slim Tapered Fit Jeans,https://www.levi.in/men/jeans-by-style/512-slim-tapered/levis-mens-512-slim-tapered-fit-jeans/360870613.html
Levi's® Men's 512 Slim Tapered Fit Jeans,https://www.levi.in/men/jeans-by-style/512-slim-tapered/levis-mens-512-slim-tapered-fit-jeans/360870644.html
Levi's® Men's 512 Slim Tapered Fit Jeans,https://www.levi.in/men/jeans-by-style/512-slim-tapered/levis-mens-512-slim-tapered-fit-jeans/360870601.html
Men's 512 Blue Slim Tapered Jeans,https://www.levi.in/men/jeans-by-style/512-slim-tapered/mens-512-blue-slim-tapered-jeans/360870699.html
Levi's® Men's 511™ Slim Fit Jeans,https://www.levi.in/men/shop-jeans-by-fit/slim/levis-mens-511-slim-fit-jeans/182981264.html
Levi's® Men's 511™ Styled Slim Fit Jeans,https://www.levi.in/men/jeans-by-style/511-slim/levis-mens-511-styled-slim-fit-jeans/182981265.html
Levi's® Men's 65504 Skinny Jeans,https://www.levi.in/men/clothing/jeans/levis-mens-65504-skinny-jeans/655040592.html
Levi's® Men's 512™ Slim Taper Jeans,https://www.levi.in/men/jeans-by-style/512-slim-tapered/levis-mens-512-slim-taper-jeans/360870539.html
Levi's® Men's 511™ Slim Jeans,https://www.levi.in/men/jeans-by-style/511-slim/levis-mens-511-slim-jeans/182981170.html
Levi's® Men's 65504 Skinny Jeans,https://www.levi.in/men/clothing/jeans/levis-mens-65504-skinny-jeans/655040596.html
Levi's® Men's 512 Slim Tapered Fit Jeans,https://www.levi.in/men/jeans-by-style/512-slim-tapered/levis-mens-512-slim-tapered-fit-jeans/360870630.html
Levi's® Men's 512 Slim Tapered Fit Jeans,https://www.levi.in/men/jeans-by-style/512-slim-tapered/levis-mens-512-slim-tapered-fit-jeans/360870606.html
Levi's® Men's 512 Styled Slim Tapered Fit Jeans,https://www.levi.in/men/jeans-by-style/512-slim-tapered/levis-mens-512-styled-slim-tapered-fit-jeans/360870602.html
Men's 511 Blue Slim Jeans,https://www.levi.in/men/jeans-by-style/511-slim/mens-511-blue-slim-jeans/182981331.html
Levi's® Men's 511™ Slim Fit Jeans,https://www.levi.in/men/jeans-by-style/511-slim/levis-mens-511-slim-fit-jeans/182981260.html
Levi's® Men's 512 Slim Tapered Fit Jeans,https://www.levi.in/men/jeans-by-style/512-slim-tapered/levis-mens-512-slim-tapered-fit-jeans/360870609.html
Men's 512 Blue Slim Tapered Jeans,https://www.levi.in/men/jeans-by-style/512-slim-tapered/mens-512-blue-slim-tapered-jeans/360870648.html
Levi's® Men's 511™ Slim Fit Jeans,https://www.levi.in/men/jeans-by-style/511-slim/levis-mens-511-slim-fit-jeans/182981275.html
Levi's® Men's 512 Styled Slim Tapered Fit Jeans,https://www.levi.in/men/jeans-by-style/512-slim-tapered/levis-mens-512-styled-slim-tapered-fit-jeans/360870623.html
Levi's® Men's 512 Slim Tapered Fit Jeans,https://www.levi.in/men/jeans-by-style/512-slim-tapered/levis-mens-512-slim-tapered-fit-jeans/360870599.html
Levi's® Men's 512 Styled Slim Tapered Fit Jeans,https://www.levi.in/men/jeans-by-style/512-slim-tapered/levis-mens-512-styled-slim-tapered-fit-jeans/360870607.html
Men's 511 Blue Slim Fit Jeans,https://www.levi.in/men/jeans-by-style/511-slim/mens-511-blue-slim-fit-jeans/182981242.html
Men's 512 Blue Slim Tapered Jeans,https://www.levi.in/men/jeans-by-style/512-slim-tapered/mens-512-blue-slim-tapered-jeans/360870627.html
Men's 511 Blue Slim Fit Jeans,https://www.levi.in/men/jeans-by-style/511-slim/mens-511-blue-slim-fit-jeans/182981259.html
Men's 512 Blue Slim Tapered Jeans,https://www.levi.in/men/jeans-by-style/512-slim-tapered/mens-512-blue-slim-tapered-jeans/360870694.html
Levi's® Men's 511™ Slim Fit Jeans,https://www.levi.in/men/jeans-by-style/511-slim/levis-mens-511-slim-fit-jeans/182981267.html
Levi's® Men's 65504 Skinny Jeans,https://www.levi.in/men/clothing/jeans/levis-mens-65504-skinny-jeans/A39580000.html
Levi's® Men's Baggy Tapered Jeans,https://www.levi.in/men/jeans-by-style/512-slim-tapered/levis-mens-baggy-tapered-jeans/A32250003.html
Levi's® Men's 65504 Skinny Jeans,https://www.levi.in/men/clothing/jeans/levis-mens-65504-skinny-jeans/655040591.html
Levi's® Men's 65504 Skinny Jeans,https://www.levi.in/men/clothing/jeans/levis-mens-65504-skinny-jeans/213010035.html
Levi's® Men's 65504 Skinny Jeans,https://www.levi.in/men/clothing/jeans/levis-mens-65504-skinny-jeans/A39790000.html
Levi's® Men's 511™ Slim Jeans,https://www.levi.in/men/jeans-by-style/511-slim/levis-mens-511-slim-jeans/182981168.html
Levi's® Men's 551™ Z Authentic Straight Jeans,https://www.levi.in/men/clothing/jeans/levis-mens-551-z-authentic-straight-jeans/A05740032.html
Levi's® Men's 65504 Skinny Jeans,https://www.levi.in/men/clothing/jeans/levis-mens-65504-skinny-jeans/213010034.html
Levi's® Men's 513™ Slim Straight Jeans,https://www.levi.in/men/clothing/jeans/levis-mens-513-slim-straight-jeans/236770283.html
Levi's® Men's 512™ Slim Taper Jeans,https://www.levi.in/men/jeans-by-style/512-slim-tapered/levis-mens-512-slim-taper-jeans/360870535.html
Levi's® Men's 512 Slim Tapered Fit Jeans,https://www.levi.in/men/jeans-by-style/512-slim-tapered/levis-mens-512-slim-tapered-fit-jeans/360870610.html
Levi's® Men's 511™ Slim Fit Jeans,https://www.levi.in/men/jeans-by-style/511-slim/levis-mens-511-slim-fit-jeans/182981231.html
Levi's® Men's 511™ Slim Fit Jeans,https://www.levi.in/men/jeans-by-style/511-slim/levis-mens-511-slim-fit-jeans/182981262.html
Levi's® Men's 511™ Slim Fit Jeans,https://www.levi.in/men/jeans-by-style/511-slim/levis-mens-511-slim-fit-jeans/182981224.html
Levi's® Men's 511™ Styled Slim Fit Jeans,https://www.levi.in/men/jeans-by-style/511-slim/levis-mens-511-styled-slim-fit-jeans/182981238.html
Levi's® Men's 511™ Slim Fit Jeans,https://www.levi.in/men/jeans-by-style/511-slim/levis-mens-511-slim-fit-jeans/182981250.html
Levi's® Men's 511™ Slim Fit Jeans,https://www.levi.in/men/jeans-by-style/511-slim/levis-mens-511-slim-fit-jeans/182981258.html
Levi's® Men's 511™ Slim Fit Jeans,https://www.levi.in/men/jeans-by-style/511-slim/levis-mens-511-slim-fit-jeans/182981230.html
Levi's® Men's 511™ Slim Fit Jeans,https://www.levi.in/men/jeans-by-style/511-slim/levis-mens-511-slim-fit-jeans/182981237.html
Levi's® Men's 511™ Slim Fit Jeans,https://www.levi.in/men/jeans-by-style/511-slim/levis-mens-511-slim-fit-jeans/182981241.html
Levi's® Men's 511™ Slim Fit Jeans,https://www.levi.in/men/jeans-by-style/511-slim/levis-mens-511-slim-fit-jeans/182981225.html
Levi's® Men's 512 Styled Slim Tapered Fit Jeans,https://www.levi.in/men/jeans-by-style/512-slim-tapered/levis-mens-512-styled-slim-tapered-fit-jeans/360870598.html
Levi's® Men's 511™ Slim Fit Jeans,https://www.levi.in/men/jeans-by-style/511-slim/levis-mens-511-slim-fit-jeans/182981246.html
Levi's® Men's 512™ Slim Taper Jeans,https://www.levi.in/men/jeans-by-style/512-slim-tapered/levis-mens-512-slim-taper-jeans/360870647.html
Levi's® Men's 65504 Skinny Jeans,https://www.levi.in/men/clothing/jeans/levis-mens-65504-skinny-jeans/655040590.html
Levi's® Men's 550™ Tapered Jeans,https://www.levi.in/men/clothing/jeans/levis-mens-550-tapered-jeans/A39800000.html
Levi's® Men's 512™ Slim Taper Jeans,https://www.levi.in/men/jeans-by-style/512-slim-tapered/levis-mens-512-slim-taper-jeans/360870543.html
Levi's® Men's 511™ Slim Jeans,https://www.levi.in/men/jeans-by-style/511-slim/levis-mens-511-slim-jeans/182981200.html
Levi's® Men's 511™ Slim Jeans,https://www.levi.in/men/jeans-by-style/511-slim/levis-mens-511-slim-jeans/A40010001.html
Levi's® Men's 511™ Slim Jeans,https://www.levi.in/men/jeans-by-style/511-slim/levis-mens-511-slim-jeans/A39650000.html
Levi's® Men's 511™ Slim Fit Jeans,https://www.levi.in/men/jeans-by-style/511-slim/levis-mens-511-slim-fit-jeans/182981226.html
Men's 512 Blue Slim Tapered Jeans,https://www.levi.in/men/jeans-by-style/512-slim-tapered/mens-512-blue-slim-tapered-jeans/360870619.html
Levi's® Men's 512 Slim Tapered Fit Jeans,https://www.levi.in/men/jeans-by-style/512-slim-tapered/levis-mens-512-slim-tapered-fit-jeans/360870618.html
Levi's® Men's 512™ Slim Taper Jeans,https://www.levi.in/men/jeans-by-style/512-slim-tapered/levis-mens-512-slim-taper-jeans/360870541.html
Levi's® Men's 511™ Slim Jeans,https://www.levi.in/men/jeans-by-style/511-slim/levis-mens-511-slim-jeans/182981172.html
Levi's® Men's 65504 Skinny Jeans,https://www.levi.in/men/clothing/jeans/levis-mens-65504-skinny-jeans/655040584.html
Levi's® Men's 511™ Slim Fit Jeans,https://www.levi.in/men/jeans-by-style/511-slim/levis-mens-511-slim-fit-jeans/182981228.html
Levi's® Men's 511™ Slim Fit Jeans,https://www.levi.in/men/jeans-by-style/511-slim/levis-mens-511-slim-fit-jeans/182981256.html
Levi's® Men's 65504 Skinny Jeans,https://www.levi.in/men/clothing/jeans/levis-mens-65504-skinny-jeans/213010033.html
Men's 512 Grey Slim Tapered Jeans,https://www.levi.in/men/jeans-by-style/512-slim-tapered/mens-512-grey-slim-tapered-jeans/360870625.html
Levi's® Men's 511™ Slim Jeans,https://www.levi.in/men/jeans-by-style/511-slim/levis-mens-511-slim-jeans/A39650004.html
Levi's® Men's 65504 Skinny Jeans,https://www.levi.in/men/clothing/jeans/levis-mens-65504-skinny-jeans/A39790002.html
Levi's® Men's 511™ Slim Jeans,https://www.levi.in/men/jeans-by-style/511-slim/levis-mens-511-slim-jeans/A39650001.html
Levi's® Men's 511™ Slim Fit Jeans,https://www.levi.in/men/jeans-by-style/511-slim/levis-mens-511-slim-fit-jeans/182981240.html
Levi's® Men's Baggy Tapered Jeans,https://www.levi.in/men/jeans-by-style/512-slim-tapered/levis-mens-baggy-tapered-jeans/A32250005.html
Levi's® Men's 512™ Slim Taper Jeans,https://www.levi.in/men/jeans-by-style/512-slim-tapered/levis-mens-512-slim-taper-jeans/A39550002.html
Levi's® Men's 511™ Slim Jeans,https://www.levi.in/men/jeans-by-style/511-slim/levis-mens-511-slim-jeans/182981199.html
Levi's® Men's 511™ Slim Jeans,https://www.levi.in/men/jeans-by-style/511-slim/levis-mens-511-slim-jeans/182981174.html
Levi's® Men's 511™ Styled Slim Fit Jeans,https://www.levi.in/men/jeans-by-style/511-slim/levis-mens-511-styled-slim-fit-jeans/182981227.html
Levi's® Men's 511™ Styled Slim Fit Jeans,https://www.levi.in/men/jeans-by-style/511-slim/levis-mens-511-styled-slim-fit-jeans/182981248.html
Levi's® Men's Skinny Tapered Jeans,https://www.levi.in/men/clothing/jeans/levis-mens-skinny-tapered-jeans/213010021.html
Levi's® Men's 512™ Slim Taper Jeans,https://www.levi.in/men/jeans-by-style/512-slim-tapered/levis-mens-512-slim-taper-jeans/A39550003.html
Levi's® Men's 550™ Tapered Jeans,https://www.levi.in/men/clothing/jeans/levis-mens-550-tapered-jeans/A32260010.html
Levi's® Men's 511™ Slim Jeans,https://www.levi.in/men/jeans-by-style/511-slim/levis-mens-511-slim-jeans/A39600000.html
Levi's® Men's 512 Slim Tapered Fit Jeans,https://www.levi.in/men/jeans-by-style/512-slim-tapered/levis-mens-512-slim-tapered-fit-jeans/360870643.html
Levi's® Men's 512™ Slim Taper Jeans,https://www.levi.in/men/jeans-by-style/512-slim-tapered/levis-mens-512-slim-taper-jeans/A39610003.html
Levi's® Men's 511™ Slim Fit Jeans,https://www.levi.in/men/jeans-by-style/511-slim/levis-mens-511-slim-fit-jeans/182981247.html
Levi's® Men's 512 Slim Tapered Fit Jeans,https://www.levi.in/men/jeans-by-style/512-slim-tapered/levis-mens-512-slim-tapered-fit-jeans/360870626.html
Men's 511 Black Slim Fit Jeans,https://www.levi.in/men/jeans-by-style/511-slim/mens-511-black-slim-fit-jeans/182981251.html
Levi's® Men's 550™ Tapered Jeans,https://www.levi.in/men/clothing/jeans/levis-mens-550-tapered-jeans/A32260004.html
Levi's® Men's 512™ Slim Tapered Fit Jeans,https://www.levi.in/men/jeans-by-style/512-slim-tapered/levis-mens-512-slim-tapered-fit-jeans/360870425.html
Levi's® Men's High Slim Fit Jeans,https://www.levi.in/men/clothing/jeans/levis-mens-high-slim-fit-jeans/A25030001.html
Levi's® Men's 65504 Skinny Fit Jeans,https://www.levi.in/men/clothing/jeans/levis-mens-65504-skinny-fit-jeans/655040570.html
Levi's® Men's 511™ Slim Fit Jeans,https://www.levi.in/men/jeans-by-style/511-slim/levis-mens-511-slim-fit-jeans/182981255.html
Levi's® Men's 551™ Z Authentic Straight Jeans,https://www.levi.in/men/clothing/jeans/levis-mens-551-z-authentic-straight-jeans/A05740031.html
Levi's® Men's 512 Slim Tapered Fit Jeans,https://www.levi.in/men/jeans-by-style/512-slim-tapered/levis-mens-512-slim-tapered-fit-jeans/360870616.html
Levi's® Men's 512 Styled Slim Tapered Fit Jeans,https://www.levi.in/men/jeans-by-style/512-slim-tapered/levis-mens-512-styled-slim-tapered-fit-jeans/360870615.html
Levi's® Men's Tapered Fit Jeans,https://www.levi.in/men/clothing/jeans/levis-mens-tapered-fit-jeans/A26180000.html
Levi's® Men's 512 Slim Tapered Fit Jeans,https://www.levi.in/men/jeans-by-style/512-slim-tapered/levis-mens-512-slim-tapered-fit-jeans/360870641.html
Levi's® Men's 65504 Skinny Jeans,https://www.levi.in/men/clothing/jeans/levis-mens-65504-skinny-jeans/655040519.html
Levi's® Men's 517™ Bootcut Jeans,https://www.levi.in/men/clothing/jeans/levis-mens-517-bootcut-jeans/163820059.html
Levi's® Men's 517™ Boot Cut Jeans,https://www.levi.in/men/clothing/jeans/levis-mens-517-boot-cut-jeans/163820027.html
Levi's® Men's 65504 Skinny Fit Jeans,https://www.levi.in/men/clothing/jeans/levis-mens-65504-skinny-fit-jeans/655040582.html
Levi's® Men's 511™ Slim Jeans,https://www.levi.in/men/jeans-by-style/511-slim/levis-mens-511-slim-jeans/182981164.html
Levi's® Men's 512™ Slim Tapered Fit Jeans,https://www.levi.in/men/jeans-by-style/512-slim-tapered/levis-mens-512-slim-tapered-fit-jeans/360870423.html
Levi's® Men's 551™ Z Authentic Straight Jeans,https://www.levi.in/men/clothing/jeans/levis-mens-551-z-authentic-straight-jeans/A39770001.html
Levi's® Men's 511™ Slim Jeans,https://www.levi.in/men/jeans-by-style/511-slim/levis-mens-511-slim-jeans/182981176.html
Levi's® 512 Slim Fit Jeans,https://www.levi.in/men/clothing/jeans/levis-512-slim-fit-jeans/360870431.html
Levi's® Men's 511™ Slim Fit Jeans,https://www.levi.in/men/clothing/jeans/levis-mens-511-slim-fit-jeans/182981152.html
Levi's® Men's 513™ Slim Straight Jeans,https://www.levi.in/men/clothing/jeans/levis-mens-513-slim-straight-jeans/236770270.html
Levi's® Men's 511™ Slim Fit Jeans,https://www.levi.in/men/clothing/jeans/levis-mens-511-slim-fit-jeans/182981130.html
Levi's® Men's 512™ Slim Tapered Fit Jeans,https://www.levi.in/men/clothing/jeans/levis-mens-512-slim-tapered-fit-jeans/360870511.html
Levi's® Men's 512™ Slim Taper Jeans,https://www.levi.in/sale-1/levis-mens-512-slim-taper-jeans/A39350004.html
Men's 512 Blue Slim Tapered Jeans,https://www.levi.in/men/jeans-by-style/512-slim-tapered/mens-512-blue-slim-tapered-jeans/360870432.html
Levi's® Men's 65504 Skinny Jeans,https://www.levi.in/men/clothing/jeans/levis-mens-65504-skinny-jeans/655040564.html
Men's 511™ Slim Fit Jeans,https://www.levi.in/men/clothing/jeans/mens-511-slim-fit-jeans/182980683.html
Levi's® Men's 512™ Slim Tapered Fit Jeans,https://www.levi.in/men/clothing/jeans/levis-mens-512-slim-tapered-fit-jeans/360870524.html
Men's 513 Black Slim fit Straight Jeans,https://www.levi.in/men/clothing/jeans/mens-513-black-slim-fit-straight-jeans/236770282.html
Levi's® Men's 512™ Slim Tapered Fit Jeans,https://www.levi.in/men/clothing/jeans/levis-mens-512-slim-tapered-fit-jeans/360870437.html
Levi's® Men's 511™ Slim Fit Jeans,https://www.levi.in/men/clothing/jeans/levis-mens-511-slim-fit-jeans/182981085.html
Men's 512 Blue Slim Tapered Jeans,https://www.levi.in/men/clothing/jeans/mens-512-blue-slim-tapered-jeans/360870374.html
Levi's® Men's 512™ Slim Taper Jeans,https://www.levi.in/men/clothing/jeans/levis-mens-512-slim-taper-jeans/360870534.html
Levi's® Men's 511™ Slim Fit Jeans,https://www.levi.in/men/jeans-by-style/511-slim/levis-mens-511-slim-fit-jeans/182981059.html
Men's 512 Blue Slim Tapered Jeans,https://www.levi.in/men/clothing/jeans/mens-512-blue-slim-tapered-jeans/360870429.html
